{"mean": [0.0615, 58453.556333333334, 0.5046666666666667, 29096.66451026408, 5556.868733333334, 1043.2458666666666, 8.4893, 1.0505, 10390.3334, 3.6787, 1378.1415333333334, 344.04546666666664, 554.8357333333333, 0.9979, 2.1003, 2799.8410956666667], "scale": [0.24024518725668573, 12018.472087253573, 0.49997822174792994, 24138.001181872296, 1074.1482209805727, 204.3016511996796, 4.739959793430039, 1.3995295935896939, 1206.6946620601418, 0.6177375197714101, 1078.1618223477938, 292.03193752187826, 4073.318219332955, 0.8511339044670546, 1.5703205330971977, 3236.3616571260914]}